Model,Dataset,Accuracy,Macro Precision,Macro Recall,Macro F1,Weighted F1,Validation Accuracy,ROC-AUC
CNN,5aug,0.5794701986754967,0.6191711596415531,0.5794701986754967,0.5771259704905769,0.5771259704905769,0.6274834437086093,0.9721971578366444
CNN,10aug,0.6192052980132451,0.649535811870249,0.6192052980132451,0.615573419206198,0.615573419206198,0.6274834437086093,0.9747516556291391
