Model,Dataset,accuracy,Validation Accuracy,macro_avg_precision,macro_avg_recall,macro_avg_f1-score,macro_avg_support,weighted_avg_precision,weighted_avg_recall,weighted_avg_f1-score,weighted_avg_support,ROC-AUC
Neural Network,5aug,0.30960264801979065,0.2996688783168793,0.33222896757208104,0.30960264900662254,0.29810378251875286,1208.0,0.33222896757208104,0.30960264900662254,0.29810378251875286,1208.0,0.9302752483443709
Neural Network,10aug,0.2798013389110565,0.27483442425727844,0.30036486117463296,0.27980132450331124,0.2692294067692742,1208.0,0.30036486117463296,0.27980132450331124,0.2692294067692742,1208.0,0.9296709437086093
