Model,Dataset,Accuracy,Validation Accuracy,Macro Precision,Macro Recall,Macro F1,ROC-AUC
Neural Network,5Aug,0.3294701874,0.3112582862,0.3557496722,0.3294701987,0.3210500606,0.9329891004
Neural Network,10Aug,0.2814569473,0.274006635,0.3004969141,0.2814569536,0.2739992141,0.9237224062