Model,Accuracy,Macro Precision,Macro Recall,Macro F1,Weighted F1,Dataset,Validation Accuracy,ROC-AUC
Random Forest,0.24006622516556292,0.25038785634846666,0.24006622516556292,0.22794993081635273,0.22794993081635273,5aug,0.24668874172185432,0.7640618101545253
Random Forest,0.23841059602649006,0.23323122807421853,0.23841059602649006,0.2212294881377035,0.2212294881377035,10aug,0.23841059602649006,0.7672454470198675
